{"count":1,"self":264.85785599999997,"total":2545.2473132,"children":{"InitializeActuators":{"count":30,"self":0.0009977,"total":0.0009977,"children":null},"InitializeSensors":{"count":30,"self":0.0019963999999999997,"total":0.0019963999999999997,"children":null},"AgentSendState":{"count":284817,"self":129.5981568,"total":176.7153965,"children":{"CollectObservations":{"count":1709040,"self":0.75638109999999992,"total":0.75638109999999992,"children":null},"WriteActionMask":{"count":1709040,"self":0.7971906,"total":0.7971906,"children":null},"RequestDecision":{"count":1709040,"self":3.5363604,"total":45.563668,"children":{"AgentInfo.ToProto":{"count":1709040,"self":3.41042,"total":42.0273077,"children":{"GenerateSensorData":{"count":1709040,"self":32.884662399999996,"total":38.616887899999995,"children":{"RayPerceptionSensor.Perceive":{"count":3418080,"self":5.7322248,"total":5.7322248,"children":null}}}}}}}}},"DecideAction":{"count":284817,"self":2087.1991296,"total":2087.1992018,"children":null},"AgentAct":{"count":284817,"self":16.0843904,"total":16.085388599999998,"children":{"AgentInfo.ToProto":{"count":34,"self":0,"total":0.0009987,"children":{"GenerateSensorData":{"count":34,"self":0.0009987,"total":0.0009987,"children":{"RayPerceptionSensor.Perceive":{"count":68,"self":0,"total":0,"children":null}}}}}}},"AgentInfo.ToProto":{"count":10206,"self":0.0468859,"total":0.3854862,"children":{"GenerateSensorData":{"count":10206,"self":0.2976531,"total":0.33860029999999997,"children":{"RayPerceptionSensor.Perceive":{"count":20412,"self":0.040947199999999996,"total":0.040947199999999996,"children":null}}}}}},"gauges":{"Soccer.CumulativeReward":{"count":10240,"max":11.5999947,"min":-1,"runningAverage":1.355668,"value":1.40000033,"weightedAverage":2.106102}},"metadata":{"timer_format_version":"0.1.0","start_time_seconds":"1629261982","unity_version":"2021.1.16f1","command_line_arguments":"C:\\Program Files\\Unity\\Hub\\Editor\\2021.1.16f1\\Editor\\Unity.exe -projectpath D:\\Github\\ML Soccer -useHub -hubIPC -cloudEnvironment production -skipUpgradeDialogs -hubSessionId 355a7020-fb10-11eb-bcb0-45a409eca06d -accessToken XTMd36w91QWN4KU2wUrjRl4ReJhoWdKilS6SWgvp1T800df","communication_protocol_version":"1.5.0","com.unity.ml-agents_version":"2.1.0-exp.1","scene_name":"SampleScene","end_time_seconds":"1629264528"}}